<?xml version="1.0" encoding="UTF-8"?>
<!--
  When updating your version of GWT, you should also update this DTD reference,
  so that your app can take advantage of the latest GWT module capabilities.
-->
<!DOCTYPE module PUBLIC "-//Google Inc.//DTD Google Web Toolkit 2.5.0//EN"
  "http://google-web-toolkit.googlecode.com/svn/tags/2.5.0/distro-source/core/src/gwt-module.dtd">
<module rename-to='fbobuilder'>
  <!-- Inherit the core Web Toolkit stuff.                        -->
  <inherits name='com.google.gwt.user.User'/>
  <!--inherits name="com.google.gwt.xml.XML" /-->
  <inherits name="net.edzard.kinetic"/>

  <!-- Inherit the default GWT style sheet.  You can change       -->
  <!-- the theme of your GWT application by uncommenting          -->
  <!-- any one of the following lines.                            -->
  <inherits name='com.google.gwt.user.theme.clean.Clean'/>
  <!-- <inherits name='com.google.gwt.user.theme.standard.Standard'/> -->
  <!-- <inherits name='com.google.gwt.user.theme.chrome.Chrome'/> -->
  <!-- <inherits name='com.google.gwt.user.theme.dark.Dark'/>     -->

  <!-- Other module inherits                                      -->
  <inherits name='com.sencha.gxt.ui.GXT'/>
  <inherits name="com.sencha.gxt.examples.resources.Resources" />
  <inherits name="com.sencha.gxt.explorer.Explorer" /> 
    
  <inherits name='com.sencha.gxt.desktop.Desktop' />
  <inherits name="com.google.gwt.logging.Logging" />
  <inherits name='com.sencha.gxt.chart.Chart' />
  <inherits name='com.sencha.gxt.desktopapp.DesktopApp' />

  <set-property name="gxt.logging.enabled" value="false" />
  <set-property name="gwt.logging.logLevel" value="INFO" />
  <set-property name="gwt.logging.consoleHandler" value="ENABLED" />
  <set-property name="gwt.logging.popupHandler" value="DISABLED" />
   
  <!-- Specify the app entry point class.                         -->
  <!-- 
  <entry-point class='com.gaoshin.fbobuilder.client.FboBuilder'/>
   -->
  <entry-point class='com.sencha.gxt.desktopapp.client.DesktopApp' />

  <!-- Specify the paths for translatable code                    -->
  <source path='client'/>
  <source path='shared'/>

</module>
