<!--

    Sencha GXT 3.0.1 - Sencha for GWT
    Copyright(c) 2007-2012, Sencha, Inc.
    licensing@sencha.com

    http://www.sencha.com/products/gxt/license/

-->
<!DOCTYPE ui:UiBinder SYSTEM "http://dl.google.com/gwt/DTD/xhtml.ent">
<ui:UiBinder xmlns:ui='urn:ui:com.google.gwt.uibinder' xmlns:container="urn:import:com.sencha.gxt.widget.core.client.container"
  xmlns:gxt="urn:import:com.sencha.gxt.widget.core.client" xmlns:button="urn:import:com.sencha.gxt.widget.core.client.button">

  <ui:with type="com.sencha.gxt.core.client.util.Margins" field="margins">
    <ui:attributes top="5" right="5" bottom="5" left="5" />
  </ui:with>

  <ui:with type="com.sencha.gxt.widget.core.client.container.MarginData" field="layoutData">
    <ui:attributes margins="{margins}" />
  </ui:with>

  <container:FlowLayoutContainer>
    <container:child layoutData="{layoutData}">
      <gxt:FramedPanel headingText="Button Aligning Example: center" buttonAlign="CENTER" pixelSize="500, 150"
        addStyleNames="white-bg">
        <gxt:button>
          <button:TextButton text="Button 1" ui:field="button1" />
        </gxt:button>
        <gxt:button>
          <button:TextButton text="Button 2" ui:field="button2" />
        </gxt:button>
        <gxt:button>
          <button:TextButton text="Button 3" ui:field="button3" />
        </gxt:button>
      </gxt:FramedPanel>
    </container:child>

    <container:child layoutData="{layoutData}">
      <gxt:FramedPanel headingText="Button Aligning Example: end" buttonAlign="END" pixelSize="500, 150"
        addStyleNames="white-bg">
        <gxt:button>
          <button:TextButton text="Button 4" ui:field="button4" />
        </gxt:button>
        <gxt:button>
          <button:TextButton text="Button 5" ui:field="button5" />
        </gxt:button>
        <gxt:button>
          <button:TextButton text="Button 6" ui:field="button6" />
        </gxt:button>
      </gxt:FramedPanel>
    </container:child>

    <container:child layoutData="{layoutData}">
      <gxt:FramedPanel headingText="Button Aligning Example: start" buttonAlign="START" pixelSize="500, 150"
        addStyleNames="white-bg">
        <gxt:button>
          <button:TextButton text="Button 7" ui:field="button7" />
        </gxt:button>
        <gxt:button>
          <button:TextButton text="Button 8" ui:field="button8" />
        </gxt:button>
        <gxt:button>
          <button:TextButton text="Button 9" ui:field="button9" />
        </gxt:button>
      </gxt:FramedPanel>
    </container:child>

  </container:FlowLayoutContainer>

</ui:UiBinder>