{
    "browserData":[{
        "date": "1/1/2009",
        "IE": 44.8,
        "firefox": 45.5,
        "chrome": 3.9,
        "safari": 3,
        "opera": 2.3,
        "other": 0.5
    },
    {
        "date": "2/1/2009",
        "IE": 43.6,
        "firefox": 46.4,
        "chrome": 4,
        "safari": 3,
        "opera": 2.2,
        "other": 0.8
    },
    {
        "date": "3/1/2009",
        "IE": 43.3,
        "firefox": 46.5,
        "chrome": 4.2,
        "safari": 3.1,
        "opera": 2.3,
        "other": 0.6
    },
    {
        "date": "4/1/2009",
        "IE": 42.1,
        "firefox": 47.1,
        "chrome": 4.9,
        "safari": 3,
        "opera": 2.2,
        "other": 0.7
    },
    {
        "date": "5/1/2009",
        "IE": 41,
        "firefox": 47.7,
        "chrome": 5.5,
        "safari": 3,
        "opera": 2.2,
        "other": 0.6
    },
    {
        "date": "6/1/2009",
        "IE": 40.7,
        "firefox": 47.3,
        "chrome": 6,
        "safari": 3.1,
        "opera": 2.1,
        "other": 0.8
    },
    {
        "date": "7/1/2009",
        "IE": 39.4,
        "firefox": 47.9,
        "chrome": 6.5,
        "safari": 3.3,
        "opera": 2.1,
        "other": 0.8
    },
    {
        "date": "8/1/2009",
        "IE": 39.3,
        "firefox": 47.4,
        "chrome": 7,
        "safari": 3.3,
        "opera": 2.1,
        "other": 0.9
    },
    {
        "date": "9/1/2009",
        "IE": 39.6,
        "firefox": 46.6,
        "chrome": 7.1,
        "safari": 3.6,
        "opera": 2.2,
        "other": 0.9
    },
    {
        "date": "10/1/2009",
        "IE": 37.5,
        "firefox": 47.5,
        "chrome": 8,
        "safari": 3.8,
        "opera": 2.3,
        "other": 0.9
    },
    {
        "date": "11/1/2009",
        "IE": 37.7,
        "firefox": 47,
        "chrome": 8.5,
        "safari": 3.8,
        "opera": 2.3,
        "other": 0.7
    },
    {
        "date": "12/1/2009",
        "IE": 37.2,
        "firefox": 46.4,
        "chrome": 9.8,
        "safari": 3.6,
        "opera": 2.3,
        "other": 0.7
    },
    {
        "date": "1/1/2010",
        "IE": 36.2,
        "firefox": 46.3,
        "chrome": 10.8,
        "safari": 3.7,
        "opera": 2.2,
        "other": 0.8
    },
    {
        "date": "2/1/2010",
        "IE": 35.3,
        "firefox": 46.5,
        "chrome": 11.6,
        "safari": 3.8,
        "opera": 2.1,
        "other": 0.7
    },
    {
        "date": "3/1/2010",
        "IE": 34.9,
        "firefox": 46.2,
        "chrome": 12.3,
        "safari": 3.7,
        "opera": 2.2,
        "other": 0.7
    },
    {
        "date": "4/1/2010",
        "IE": 33.4,
        "firefox": 46.4,
        "chrome": 13.6,
        "safari": 3.7,
        "opera": 2.2,
        "other": 0.7
    },
    {
        "date": "5/1/2010",
        "IE": 32.2,
        "firefox": 46.9,
        "chrome": 14.5,
        "safari": 3.5,
        "opera": 2.2,
        "other": 0.7
    },
    {
        "date": "6/1/2010",
        "IE": 31,
        "firefox": 46.6,
        "chrome": 15.9,
        "safari": 3.6,
        "opera": 2.1,
        "other": 0.8
    },
    {
        "date": "7/1/2010",
        "IE": 30.4,
        "firefox": 46.4,
        "chrome": 16.7,
        "safari": 3.4,
        "opera": 2.3,
        "other": 0.8
    },
    {
        "date": "8/1/2010",
        "IE": 30.7,
        "firefox": 45.8,
        "chrome": 17,
        "safari": 3.5,
        "opera": 2.3,
        "other": 0.7
    },
    {
        "date": "9/1/2010",
        "IE": 31.1,
        "firefox": 45.1,
        "chrome": 17.3,
        "safari": 3.7,
        "opera": 2.2,
        "other": 0.6
    },
    {
        "date": "10/1/2010",
        "IE": 29.7,
        "firefox": 44.1,
        "chrome": 19.2,
        "safari": 3.9,
        "opera": 2.2,
        "other": 0.9
    },
    {
        "date": "11/1/2010",
        "IE": 28.6,
        "firefox": 44,
        "chrome": 20.5,
        "safari": 4.0,
        "opera": 2.3,
        "other": 0.6
    },
    {
        "date": "12/1/2010",
        "IE": 27.5,
        "firefox": 43.5,
        "chrome": 22.4,
        "safari": 3.8,
        "opera": 2.2,
        "other": 0.6
    }
  ]
}