<?xml version="1.0" encoding="UTF-8"?>
<!--

    Sencha GXT 3.0.1 - Sencha for GWT
    Copyright(c) 2007-2012, Sencha, Inc.
    licensing@sencha.com

    http://www.sencha.com/products/gxt/license/

-->
<module rename-to='desktopapp'>
  <inherits name='com.sencha.gxt.desktop.Desktop' />
  <inherits name="com.google.gwt.logging.Logging" />
  <inherits name='com.sencha.gxt.chart.Chart' />

  <set-property name="gxt.logging.enabled" value="false" />
  <set-property name="gwt.logging.logLevel" value="INFO" />
  <set-property name="gwt.logging.consoleHandler" value="ENABLED" />
  <set-property name="gwt.logging.popupHandler" value="DISABLED" />

  <!-- Comment out the following line to disable readable style names -->
  <!-- <set-configuration-property name='CssResource.style' value='pretty' /> -->

  <!-- entry-point class='com.sencha.gxt.desktopapp.client.DesktopApp' / -->
</module>
